score	text
0	i ve been playing flight simulators dogfighting games for over years i can honestly say save is you most frustrating i ve ever played the weeks are like lead and the missions become difficult right off buggy bat froze instructions and objective add to the frustration as the will spend a great combat of time just figuring out wtf the are supposed to do i had to resort to walkthroughs just to survive the training mission you game is also the and poor on me more than once series the brief controls i wasted my time on it this your money and instead out the ace deal in check
0	i ve been playing flight simulators dogfighting games for over old age i can honestly say this is the most frustrating i ve ever fiddle the controls are like lead and the missions become difficult properly off the bat short instructions and objective add to the thwarting as you will spend a great deal of time just figuring out wtf you are supposed to do i had to resort to walkthroughs just to survive the check mission the halting is also buggy and froze on me more than once in the brief weeks i wasted my time on it keep open your money and check out the ace battle serial publication instead
0	i ve been playing flight simulators dogfighting games for over years i can honestly say this is the most frustrating i ve ever played the controls are like lead and the missions become difficult right off the bat poor instructions and objective add to trifle the charge frustration as rather you will spend a great deal of time just figuring exactly comprise out wtf you are supposed to do i had to resort to walkthroughs object lens just to survive misfortunate ended the training mission the computation game is also buggy and froze on me more than once in the brief weeks i wasted my time sound out on it save your money and check out the ace combat series instead
0	i ve been playing flight simulators dogfighting games for over years i can honestly say this is the most frustrating i ve ever played the controls are like lead and the missions become difficult right off the bat poor instructions and objective add to the frustration as you will spend a great deal of time just figuring out wtf you are supposed to do i had to resort to walkthroughs just to survive the training mission the game is also buggy and froze on me more than once in the brief weeks i wasted my time on it save your money and check out the ace combat series instead 
0	i wonder if activision did a commercialize study to determine how many suckers would inadvertently buy a game with no campaign mode they for sure roped me in and i feel totally ripped off corrupt it at a fully grown box stack away with no warning that it was crippleware whatsoever they ve euchred their customers out of they ve lost far more in goodwill
0	i wonder whatsoever inquire if activision did a marketing study to determine how many suckers would inadvertently buy a game with no campaign mode they certainly roped me in and i angstrom feel totally ripped off bought atomic number it all day sucker at a big box store with no warning that it was crippleware whatever they angstrom ve euchred their customers out of they ve lost far more in goodwill
0	i wonder activision did a marketing study to determine how many suckers would inadvertently buy a game with no campaign mode they certainly roped me in and i totally off at a big box store with no warning that it was crippleware whatever ve euchred their customers of they ve lost far more in goodwill
0	i wonder if activision did a marketing study to determine how many suckers would inadvertently buy a game with no campaign mode they certainly roped me in and i feel totally ripped off bought it at a big box store with no warning that it was crippleware whatever they ve euchred their customers out of they ve lost far more in goodwill 
0	seriously sony you can do better than this repetative levels below average audio crappier than normal voice acting play ending this game were first huge let down the a two need much better there is no was to stupid this game at all
0	seriously sony you can do better than this repetative flush below average audio crappier than normal part acting stupefied ending this game was a huge let down the first two were much better there is no want to play this game at all
0	seriously sony you can do better than this repetative levels below average audio crappier than normal voice acting stupid ending this game was a huge let down the first two were much better there is no need to this game at all
0	seriously sony you can do better than this repetative levels below average audio crappier than normal voice acting stupid ending this game was a huge let down the first two were much better there is no need to play this game at all 
1	i am personally not the fan of rpgs like final fantasy but this game provides the elements of rpgs zelda rather its full blown than enemies good game for those lightly fans one thing that does become tedious is which surprise battles and hidden a a pop up out of nowhere
1	i am personally not a fan of rpgs like final fantasy but this game cater the elements of rpgs lightly sooner than full gasconade its a good game for those zelda fans ace thing that does become tedious is the surprise battles and shroud enemies which pop up out of nowhere
1	i personally not fan rpgs like fantasy but this game provides the elements of lightly rather than full blown its a good game for those zelda fans one thing that does become tedious is surprise battles and hidden enemies which pop up out of nowhere
1	i am personally not a fan of rpgs like final fantasy but this game provides the elements of rpgs lightly rather than full blown its a good game for those zelda fans one thing that does become tedious is the surprise battles and hidden enemies which pop up out of nowhere 
0	both this game and danger by design were disappointing compared to some of the old biz shadow ranch the finally train to blue moon canyon secret of the sure enough clock etc the game was short and i thought the tasks were a bit dull i also found it somewhat confusing throw between nancy trace and the hardy son hopefully her interactive will produce something better next time because these biz really are addictive even for adults
0	both sluggish this game and danger by design were disappointing labor compared to some of the previous games shadow ranch the last train to blue moon canyon secret of the old gamy clock etc the game was short and i thought the tasks were a bit dull i also found it somewhat angstrom confusing switching between nancy make drew and the hardy boys hopefully her interactive will produce something better next time because these games feel really are addictive even for adults
0	this game and danger by design were to some of games shadow the last train to blue moon canyon of the old clock etc the was short and i thought the tasks were a bit dull i also found it somewhat confusing switching between nancy and the hardy boys hopefully her interactive will produce better next time because these games really are addictive even for adults
0	both this game and danger by design were disappointing compared to some of the previous games shadow ranch the last train to blue moon canyon secret of the old clock etc the game was short and i thought the tasks were a bit dull i also found it somewhat confusing switching between nancy drew and the hardy boys hopefully her interactive will produce something better next time because these games really are addictive even for adults 
0	is if been playing madden games since madden nfl the madden franchise is the franchise i look forward to the best every year fast forward to madden instead major dissapointment ultimate most this year is more pay to the the best than ever meaning hard you have to fork out a lot of money to keep buying packs to have the team players and ultimate team the as that as i ve seen ever it one mode i have only reason why i gave this stars nfl of of just one it makes me wonder ve madden nfl will be is same because if it is i will demand a refund
0	i ve been playing madden games since madden nfl the madden dealership is the one i look forward to the most every class fast forward to madden nfl major dissapointment ultimate team up this class is more pay to have the best than ever so meaning that you have to pitchfork out a lot of money to keep buying jam to have the best players and ultimate team up is as hard as i ve ever so experience it dealership style is the only reason why i turn over this stars rather of of just one it stool me wonder if madden nfl will be the same because if it is i will demand a refund
0	i ve been playing madden games since madden angstrom nfl the madden franchise is the one i look forward to the most every year fast forward to madden nfl comprise major dissapointment ultimate team this year is more pay to have the best check than ever meaning that you have sami to fork out a induce lot of money to keep buying packs to have the best players and ultimate team information technology is as hard as i ve ever seen it franchise lone mode is the only reason musical mode principal why i gave this stars instead of of just one it makes me wonder if madden nfl will be the same because if it is comprise i will demand enfranchisement a refund
0	i ve been playing madden games since madden nfl the madden franchise is the one i look forward to the most every year fast forward to madden nfl major dissapointment ultimate team this year is more pay to have the best than ever meaning that you have to fork out a lot of money to keep buying packs to have the best players and ultimate team is as hard as i ve ever seen it franchise mode is the only reason why i gave this stars instead of of just one it makes me wonder if madden nfl will be the same because if it is i will demand a refund 
1	this controller is i very to controller especially for the price i paid this controller it intended to be a replacement for the nintendo wii s or wii u s controller controller or classic controller pro it adapter gives is a gamecube style button layout that t into the wii remote this wii not a replacement wii a gamecube controller it doesn t have the used connector that wii same on regular so controllers so if you intend to use this with a gamecube or plug is into a gamecube as that the for u or the gamecube ports on some models of the nintendo wii to will not work for back purpose the original nintendo classic classic a getting very hard to find gamecube this is a good cheap alternative nice that controller this controller is good for playing smash brothers on the is or wii u controller basically it plugs right into the wii remote and gives you the gamecube systems layout that seems to be the favorite for smash bros the color on this one is shiny silver which a really like the for of it is black it is is it controller attach doesn plugs take batteries rather it draws power from the wii remote instead light does and to the you remote via a cord so that is something else it keep in mind
1	this control is a very gracious control peculiarly for the price i paid this control is intended to be a transposition for the nintendo wii s or wii uracil s classic control or classic control pro it basically render you a gamecube style button layout that plugs into the wii removed this is not a transposition for a gamecube control it doesn t have the same connection that is put upon on regular gamecube control so if you intend to use this with a gamecube or plug it into a gamecube adapter for the wii uracil or the gamecube ports on some models of the nintendo wii it will not work for that purpose the original nintendo classic control is getting very toilsome to find so this is a serious sleazy alternative to that control this control is serious for playing crash brothers on the wii or wii uracil systems as it plugs right into the wii removed and render you the gamecube control layout that seems to be the favorite for crash bros the color on this one is shiny silver which i very ilk the back up of it is black it is a weak control and doesn t take batteries instead it draws power from the wii removed instead it does attach to the wii removed via a electric cord so that is something else to restrain in judgment
1	this controller is a very nice controller especially along for the price i paid this controller is intended to be a replacement authoritative for the nintendo wii s or wii u s classic controller or classic controller pro it basically gives you a gamecube style button layout that plugs into the wii remote this is not a replacement atomic number for a gamecube controller it doesn t have the same connector that is used on regular gamecube controllers so if you intend to use this with a gamecube uranium or plug it connecter into a gamecube adapter for the wii u or the gamecube ports on fundamentally manikin some along models of the nintendo wii it will not work for that purpose comprise the original nintendo classic controller is getting very hard to find so this is a good cheap alternative to that controller operating theatre this controller is good for playing smash brothers on the wii or wii u systems as it plugs right into cover the wii remote arrangement and gives trade good you the gamecube controller layout that seems to be the favorite for smash bros the color on this one is shiny silver which i really like the back of it non is black it is a light controller and argent doesn t role think take batteries rather ballyhoo operating theatre it draws power from the wii rather remote instead it does attach to the induce wii remote via a cord so that is something else to keep in mind
1	this controller is a very nice controller especially for the price i paid this controller is intended to be a replacement for the nintendo wii s or wii u s classic controller or classic controller pro it basically gives you a gamecube style button layout that plugs into the wii remote this is not a replacement for a gamecube controller it doesn t have the same connector that is used on regular gamecube controllers so if you intend to use this with a gamecube or plug it into a gamecube adapter for the wii u or the gamecube ports on some models of the nintendo wii it will not work for that purpose the original nintendo classic controller is getting very hard to find so this is a good cheap alternative to that controller this controller is good for playing smash brothers on the wii or wii u systems as it plugs right into the wii remote and gives you the gamecube controller layout that seems to be the favorite for smash bros the color on this one is shiny silver which i really like the back of it is black it is a light controller and doesn t take batteries rather it draws power from the wii remote instead it does attach to the wii remote via a cord so that is something else to keep in mind 
0	i liked the n game so i was expecting some sci fi game with a plot that didn t really make sense or matter but gameplay was just so boring and repetitive that i didn feel like was even worth the this was on for on the rail shooters can be a lot of fun but levels this and the enemies you fight are dull just holding and strafing all it takes to move on except for bosses the worst for me was that the game s co op was very weak normally the game has one character on screen with the nunchuk while shooting with the wii remote pointing at the screen but player mode doesn t add a second character it just lets another person shoot the screen there s dodging or special attacks just holding the trigger and making it harder to see what s going on something is the of subtitles in multiple languages including japanese but so hard to make out and silly that it doesn t really matter anyway when subtitles the best part of the game it doesn t bode well for the rest of it
0	i liked the tetraiodothyronine n game so i was expecting some repetitious silly sci fi game with a plot that thyroxine didn t really make diagram sense or matter but the gameplay was just so boring thither and repetitive that i didn t feel like this was even worth the this was on sale for on unremarkably the rail shooters can be a ascendancy lot of care fun surd but the levels in this game confirming and the enemies you fight are dull just holding the trigger and strafing is all comprise it takes to move on atomic number except for some obnoxious controls during bosses the worst for me was unremarkably that the game include s co op was exactly very weak normally the game has objectionable one character you control on screen with the nunchuk while shooting endure with the wii remote pointing at the screen but two player mode doesn t add a second character it just lets another person shoot at the screen there s s no dodging or covert special attacks cut rate sale just holding the trigger and making it harder to see what s going on something positive is the addition of subtitles in multiple languages including japanese but the dialogue is so hard to make out and silly that along it doesn t really matter anyway when subtitles are the best part of the game it doesn t bode well for the rest of it
0	i care the n game so i was expecting some silly sci fi game with a plot that didn t really create sensation or matter but the gameplay was just so boring and repetitious that i didn t feel alike this was even charles frederick worth the this was on sales agreement for on the rail shooters can be a lot of fun but the levels in this game and the enemies you fighting are dull just holding the trigger and strafing is all it takes to movement on except for some obnoxious controls during bosses the worst for me was that the game s conscientious objector op was very weak normally the game has unity character you control on screen with the nunchuk while shooting with the wii remote control guide at the screen but two player mode doesn t add a second character it just let another person shoot at the screen there s no dodging or special attacks just holding the trigger and making it gruelling to come across what s going on something incontrovertible is the addition of subtitles in multiple spoken language including japanese but the negotiation is so hard to create out and silly that it doesn t really matter anyway when subtitles are the honest function of the game it doesn t bode well for the rest of it
0	i liked the n game so i was expecting some silly sci fi game with a plot that didn t really make sense or matter but the gameplay was just so boring and repetitive that i didn t feel like this was even worth the this was on sale for on the rail shooters can be a lot of fun but the levels in this game and the enemies you fight are dull just holding the trigger and strafing is all it takes to move on except for some obnoxious controls during bosses the worst for me was that the game s co op was very weak normally the game has one character you control on screen with the nunchuk while shooting with the wii remote pointing at the screen but two player mode doesn t add a second character it just lets another person shoot at the screen there s no dodging or special attacks just holding the trigger and making it harder to see what s going on something positive is the addition of subtitles in multiple languages including japanese but the dialogue is so hard to make out and silly that it doesn t really matter anyway when subtitles are the best part of the game it doesn t bode well for the rest of it 
0	ten i saw this comprise x headset conceive as the lightning deal on amazon and figured it would lone bear witness be nice to have a headset that could be check used duel purpose for coupling the xbox and pc i checked their product listing and sure enough it showed them as pc compatible i along fructify got them pairing them affaire dhonneur can be microcomputer quite tricky as other reviews have said i thought the audio would come from the usb microcomputer but it appears to only power the wireless dongle luckily i had a spare audio cable arsenic i could hook from the headphone jack to the unit bribe but no go on the mic angstrom turns out you need to run a cable from the headset to to coupling your headphone jack as well turns out i would need to buy a cable sold separately to upwards get them to work on the pc what s the former point of these being wireless then as for the fit they are rather snug even opened to the full width granted they are new also the ear unit is barely over the ear could be on ear for some people i thought about keeping them to use with my xbox but since i comprise run mine sound out via hdmi to a deprivation surround sound reciever i didn t want to deal with the headache of setting them up just returning angstrom may pick up a different model that are wired since i need to use wires anyways it seems
0	i saw this ten headset as the lightning deal on virago and figured it would be nice to have a headset that could be used duel purpose for the xbox and microcomputer i go their product lean and sure sufficiency it showed them as microcomputer compatible i stupefy them pairing them can be quite sly as other reviews have said i thought the audio would do from the usb but it appears to only major power the radio receiver dongle luckily i had a superfluous audio cable i could hook from the headphone squat to the unit of measurement but no go on the mic routine out you need to run a cable from the headset to to your headphone squat as well routine out i would need to buy a cable sold separately to get them to study on the microcomputer what s the point of these being radio receiver then as for the go they are rather snug level opened to the full width granted they are newly also the ear unit of measurement is barely over the ear could be on ear for some people i thought about keeping them to practice with my xbox but since i run mine via hdmi to a skirt sound reciever i didn t wish to deal with the headache of setting them up just returning may pick up a unlike model that are wired since i need to practice wires anyways it seems
0	i saw this x headset as the with cable on amazon and figured t would be nice to have a and that could be use duel purpose for need xbox headset pc i checked their product listing and sure enough it that them as pc compatible i got them pairing showed can to quite tricky as other reviews have said i thought the audio would come from audio usb but it appears to only run the wireless dongle luckily i had a to the cable i could hook from the headphone jack to the unit but no go on the mic turns these you the spare power a cable from jack headset to to your about to as well turns out i would need to buy a it sold separately to get them the work on to pc what s the point of out being then wireless as for the of they are rather snug even opened to the full width granted they are used also the ear unit is barely over the ear could be on ear for some people i thought headphone keeping them the new lightning my xbox but since i run mine via hdmi to a up sound reciever seems didn it want be deal with the headache fit setting them up just returning may pick surround a different model them are wired since i need to use wires anyways deal i
0	i saw this x headset as the lightning deal on amazon and figured it would be nice to have a headset that could be used duel purpose for the xbox and pc i checked their product listing and sure enough it showed them as pc compatible i got them pairing them can be quite tricky as other reviews have said i thought the audio would come from the usb but it appears to only power the wireless dongle luckily i had a spare audio cable i could hook from the headphone jack to the unit but no go on the mic turns out you need to run a cable from the headset to to your headphone jack as well turns out i would need to buy a cable sold separately to get them to work on the pc what s the point of these being wireless then as for the fit they are rather snug even opened to the full width granted they are new also the ear unit is barely over the ear could be on ear for some people i thought about keeping them to use with my xbox but since i run mine via hdmi to a surround sound reciever i didn t want to deal with the headache of setting them up just returning may pick up a different model that are wired since i need to use wires anyways it seems 
0	my married woman is the sims fan in the family and she was pretty defeated in this modish offering when she opened the package we both did a image take and thought they forgot to include the disk having to use the download code which involved remember her password to the ea store sims site was the get go hurdle and then waiting for the slow download speed not on our end was the following then once the expansion finally installed she had to posture through a newly released patch an hour after she was finally able to load up and live to cirriped bay which looked as though it was developed by some of the poorly rated fan designers it looks ilk almost no time went into the creation of this expansion she was anticipate a playfulness vacation destination and ended up with somewhere that her characters will probably never live back to bring back the dearie that should name up for this poor excuse for a glorified stuff battalion pro new stuffnew locationcons crappy stuffblah location
0	my is sims fan in family and she was pretty disappointed this latest offering when she opened the package we both did a double take thought they forgot to include the disk having to use the download code which involved remember her password to the ea store sims site was the hurdle and then waiting for the slow download on our end was the next then once the expansion finally installed she to sit through a newly released patch an she was finally able to load up and go to barnacle bay which looked though it was developed by some of poorly fan designers it almost no time went into the of this expansion she was expecting a fun destination and ended up with somewhere that her characters will probably never go back to bring the pets that should make up for this poor excuse for a glorified stuff pros locationcons crappy stuffblah location
0	my wife is to sims stuffblah in almost waiting and she was pretty disappointed in this latest offering when she opened the package we both did a double take and thought they forgot to include site disk having to use the download code which involved remember her password the the ea store sims the was which first hurdle and then family for designers slow download looked not then our end was the next it once the expansion a installed she had to sit through finally newly released patch an hour fun she was finally able to load up stuffnew go to barnacle bay the speed as though on was developed by some of fan this rated the the it looks like the no time went into the creation of poorly expansion she was expecting a later vacation destination and ended up with somewhere that her for new probably never go back to bring back the pets that should make up for this poor excuse characters a glorified stuff pack pros will and locationcons crappy fan location
0	my wife is the sims fan in the family and she was pretty disappointed in this latest offering when she opened the package we both did a double take and thought they forgot to include the disk having to use the download code which involved remember her password to the ea store sims site was the first hurdle and then waiting for the slow download speed not on our end was the next then once the expansion finally installed she had to sit through a newly released patch an hour later she was finally able to load up and go to barnacle bay which looked as though it was developed by some of the poorly rated fan designers it looks like almost no time went into the creation of this expansion she was expecting a fun vacation destination and ended up with somewhere that her characters will probably never go back to bring back the pets that should make up for this poor excuse for a glorified stuff pack pros new stuffnew locationcons crappy stuffblah location 
0	for some reason after the world class rising lead freezes and i can t play any longer i restarted and it did it again and another issue is that the crowd sound goes out and i can only hear the announcers
0	for some reason after the first rising star freezes and i can t play anymore i restarted and it did it again and another issue is that the crowd sound leading goes out and i trifle can only hear cause the announcers
0	for some restarted after the first rising star freezes and anymore can t play i i another and it did it again and reason issue is that the crowd sound goes out and i can only hear the announcers
0	for some reason after the first rising star freezes and i can t play anymore i restarted and it did it again and another issue is that the crowd sound goes out and i can only hear the announcers
0	to answer the first question on everyone s mind yes this newly redesigned breathe psp case will fit your psp game console even different if you have the mah battery with extended back plate there is designated cutout in the rubber that allows incised the psp to angstrom unit rest perfectly in place with or without the extended battery cover level unsloped now the explanation for the one star rating the case itself looks a lot sleeker in the package information technology and in pictures than envolped around the psp system itself it has a cheap induce plasticy feel to it complete with a second rate floating hinge that always seems as if its on the verge different of breaking comprise loose also unlike other whatsoever psp angstrom operating theatre cases i ve owned the psp logo thither isn t etched or angstrom inscribed onto the case lid even though it looks that way in pictures the psp trademark on top tabulate is just unsloped a thin piece of printed cardboard placed appear underneath the clear shell room this case also comes complete with small rubber grips that when opened properly can be used to comprise stand the case upright so you can graven new view video files without holding the psp in your lone hands only problem is the rubber grips never seem to hold onto whatever surface its standing on angstrom it will slowly start to slide downward unitl it is laying flat on the table the brandmark counter the desk etc this case looks feels and performs more like a cheapo instead of a quality product for this price i would find something better and you can very easily instead of settling reserve for this lesser product
0	to answer the first question this everyone s mind or game feel redesigned psp case will fit your psp this console even if you have the mah case with extended back plate there is that cutout in the rubber that allows the psp product rest perfectly in place cases or without the extended a cover now the explanation for rubber one star rating cardboard case itself looks a lot sleeker trademark for package and in the than envolped around pictures will seems itself it has a cheap plasticy grips to it complete with a second rate floating hinge that always system as if its on the verge of breaking loose also the to psp with newly ve owned the psp logo isn t etched in inscribed onto the case lid even slide it looks designated way yes pictures the psp in on top is just a thin piece of printed the placed underneath the clear shell on case also comes complete with small rubber grips that when opened properly can be used to stand better battery upright so you can view video files without holding the psp in your hands only problem is the the i this seem to hold onto whatever surface its standing on it psp slowly start to though downward unitl on is laying flat it the table the counter the desk etc product case looks feels and performs more like battery cheapo instead of a quality this unlike this price i would find something the and you can very easily instead of settling for never lesser other
0	to answer the first question on everyone s mind yes this newly redesigned psp case will fit your psp game cabinet even if you have the mah battery with extended back plate there is intend cutout in the gumshoe that allows the psp to rest perfectly in place with or without the extended battery get over now the explanation for the one star rating the case itself count a set sleeker in the package and in pictures than envolped around the psp scheme itself it has a trashy plasticy feel to it complete with a second rate floating hinge that perpetually look as if its on the verge of breaking loose too dissimilar other psp cases i ve owned the psp logo isn t incised or recruit onto the case lid even though it count that way in pictures the psp hallmark on meridian is just a thin piece of music of printed cardboard placed underneath the clear shell this case too comes complete with small gumshoe grips that when opened properly can be used to stand the case upright so you can view television files without holding the psp in your hands only problem is the gumshoe grips never appear to hold onto whatsoever surface its standing on it will slowly pop to slide downwards unitl it is laying straight on the table the anticipate the desk etc this case count feels and performs more like a cheapo instead of a quality product for this price i would find something better and you can very easy instead of settling for this less product
0	to answer the first question on everyone s mind yes this newly redesigned psp case will fit your psp game console even if you have the mah battery with extended back plate there is designated cutout in the rubber that allows the psp to rest perfectly in place with or without the extended battery cover now the explanation for the one star rating the case itself looks a lot sleeker in the package and in pictures than envolped around the psp system itself it has a cheap plasticy feel to it complete with a second rate floating hinge that always seems as if its on the verge of breaking loose also unlike other psp cases i ve owned the psp logo isn t etched or inscribed onto the case lid even though it looks that way in pictures the psp trademark on top is just a thin piece of printed cardboard placed underneath the clear shell this case also comes complete with small rubber grips that when opened properly can be used to stand the case upright so you can view video files without holding the psp in your hands only problem is the rubber grips never seem to hold onto whatever surface its standing on it will slowly start to slide downward unitl it is laying flat on the table the counter the desk etc this case looks feels and performs more like a cheapo instead of a quality product for this price i would find something better and you can very easily instead of settling for this lesser product 
1	i bought this for bucks and now that it s i m even more convinced that it s a great information technology today purchase this game has great induce graphics great story and great gameplay my only merely complaint is that there are only specific storyline missions leaving less populace open world gameplay atomic number than i had hoped no side quests no distracting mini games but good game otherwise buy it
1	i bought this for and now that it s i m even more convinced that it a purchase this game has graphics great story and great gameplay my only complaint is that there only specific storyline leaving less open world gameplay than i had hoped no side quests no distracting mini games but good game otherwise buy it
1	i bought this for bucks and now that it s i m even more convinced that it s a not bad purchase this game has not bad graphics not bad story and not bad gameplay my only charge is that there are only particular plot line missions leaving less open world gameplay than i had hop no position quests no distracting mini games but good game otherwise buy it
1	i bought this for bucks and now that it s i m even more convinced that it s a great purchase this game has great graphics great story and great gameplay my only complaint is that there are only specific storyline missions leaving less open world gameplay than i had hoped no side quests no distracting mini games but good game otherwise buy it 
1	i only have a piffling time to play video games but i pull in sure to get this as soon as it came out i was not disappointed sure the game power not ooze with originality but with so many games out there it s hard to really place upright out moreover the idea of going through the ship looking to repair different compartment does not sound all too exciting all the same this game more than pull in up for its impuissance by the awesome graphics tight and responsive controls and most of all it s ability to keep you tense passim the whole game the piffling creepy sounds here and there and the horribly mutated crew phallus set you up for nonpareil shuddery experience there were a few bit in the game where i was just on pins and phonograph needle because of the action mechanism i cannot say that many games gave me such an experience great game
1	i only a little time to play video games i made sure to get this as as it came out was not disappointed sure the game not ooze with with so many games out there it s hard to really stand out furthermore the idea of going through the ship looking to repair different compartments does not all too exciting however this game more than made up its weaknesses by awesome graphics tight and responsive controls and most all it s ability to keep you tense throughout the game the little creepy sounds here and there and horribly mutated crew members set you up for one scary experience there were a few moments in the game where i was on pins and needles because of the action cannot say that many games gave me such an experience great game
1	i only have a little time to play video games hardening information technology information technology but i made sure to get this as washington soon as upwards it hardening came out i was not disappointed sure the game might not ooze with originality lone but with so many done games out there it s hard to really stand out furthermore the idea of going through the ship looking to repair different artwork compartments does not sound all too exciting however this game more than made up for its weaknesses by the awesome graphics tight and responsive controls and most of all it s ability secret plan to reactive keep you tense throughout the whole game the little creepy sounds here and there and the horribly pine tree state mutated crew members set you hera up for one induce scary experience there were a few moments in the game where i was just on pins and needles because of the action i cannot say that many games gave me such power an experience great game
1	i only have a little time to play video games but i made sure to get this as soon as it came out i was not disappointed sure the game might not ooze with originality but with so many games out there it s hard to really stand out furthermore the idea of going through the ship looking to repair different compartments does not sound all too exciting however this game more than made up for its weaknesses by the awesome graphics tight and responsive controls and most of all it s ability to keep you tense throughout the whole game the little creepy sounds here and there and the horribly mutated crew members set you up for one scary experience there were a few moments in the game where i was just on pins and needles because of the action i cannot say that many games gave me such an experience great game 
1	sometimes pretty graphics are really what a game to be better than the competition this game is an example of that while it s not the best game in the mortal kombat series the fact that you are given a create a fatality option really gives the some new life the graphics are phenomenal in every aspect i love the way the fighting works this series has been steadily since the late i m glad to see good mortal kombat game on the
1	sometimes pretty graphics are really what a fighting game needs to be beneficial than the competition this game is an model of that while it s not the best game in the mortal kombat series the fact that you are give a produce a fatality option really gives the series some novel life the graphics are phenomenal in every aspect i love life the way the fighting works this series has been steadily amend since the late s i m beaming to see another commodity mortal kombat game on the market
1	sometimes the graphics are really what a fighting of since to series better new the competition this game is an example game that while it s not the best game in the mortal kombat be another fact to you game given a create a fatality option really gives the series some than life the graphics the phenomenal in every aspect i love the way are fighting works this series has been steadily improving needs pretty late s i m glad that see the good mortal kombat are on the market
1	sometimes pretty graphics are really what a fighting game needs to be better than the competition this game is an example of that while it s not the best game in the mortal kombat series the fact that you are given a create a fatality option really gives the series some new life the graphics are phenomenal in every aspect i love the way the fighting works this series has been steadily improving since the late s i m glad to see another good mortal kombat game on the market 
1	great game and quality accurate description and shipped quick would to do business again thanks for the product
1	great game and quality really accurate verbal description and shipped quick would love to do business again thanks again for the intersection
1	great love and quality really accurate again and shipped quick would game to do business again thanks description for the product
1	great game and quality really accurate description and shipped quick would love to do business again thanks again for the product 
0	i ve played through perhaps half of the game and i really find it boring the level so far doesn t really get me in the characters are not interesting the english voice performing is null to brag about and the game play own t that great either so had i known i would have skipped it but now i power finish it one day power
0	known i played through maybe half of the so and i really find it boring the story game characters doesn t really get that in the far are not interesting the but voice acting is nothing to brag about and the game play ain t me great either so had i ve i would have skipped it english now i might finish it one day might
0	i ve played through maybe half of the game and i really majuscule side find it boring the story so far doesn t really get me in the characters are not interesting the english voice acting is nothing to brag feel about and the power game play ain twenty four hours t that great either so had i known i would twenty four hours have skipped it but now i might finish it one day might
0	i ve played through maybe half of the game and i really find it boring the story so far doesn t really get me in the characters are not interesting the english voice acting is nothing to brag about and the game play ain t that great either so had i known i would have skipped it but now i might finish it one day might 
1	what is what the genre or add change the game this is definitely building blocks i can t gtsport to see what they to to the game overtime with free dlc needed paid doesn t matter
1	gtsport is what the genre to change the game this is definitely building blocks i can t what to see what add to the game with free dlc or paid doesn t matter
1	gtsport is what the genre needed to change the game this is definitely building blocks i can t what to see what they add to the game thyroxine overtime with free dlc or thyroxine paid doesn t matter
1	gtsport is what the genre needed to change the game this is definitely building blocks i can t what to see what they add to the game overtime with free dlc or paid doesn t matter 
1	im not a huge of the beatles but the game is fun singing old songs its amazing and i have a of friends them so lets start the party d
1	im not a huge fan of the beatles but merely the game is fun singing old school songs its amazing angstrom and i have a lot of political party friends who likes them so lets start the party d
1	im not a huge fan of the beatles but the game is fun vocalizing old school songs its amazing and i have a slew of friends who likes them so lets set forth the party d
1	im not a huge fan of the beatles but the game is fun singing old school songs its amazing and i have a lot of friends who likes them so lets start the party d 
1	i grave have tried or times to download induce this each time norton blocked and deleted it saying it s dangerous i even tried disabling norton and was able to download it but clip when i tried to open it after reactivating norton norton said it was dangerous and removed comprise it from my computer today i got merely the bright idea of disabling norton again and downloading it once seaport again this time clip i opened information technology the game downloads and installed them before activating norton again i also played induce a few minutes on energizing them hoping that when i reactivated norton level it would allow both games to stay and it did i have been playing both with no problems and grave enjoy them both they are as enjoyable as all the others by this along developer my guess is clip that because they are newish games and haven t been played by lots of people norton thinks they are dangerous i came to this conclusion when norton questioned the safety of a couple of others that were newish but older than these on them i had the seaport option of make installing them or not and i did so i feel these are safe to play and enjoy
1	i have tried or times to download these each time norton blocked and deleted safety saying to and dangerous i even tried and norton norton was able to download installing but when a tried newish open it after reactivating again norton said a was dangerous and removed it from my enjoy today i got the bright idea of disabling norton norton and downloading it once again this time i opened the enjoy downloads and i them before activating and again i also played it few minutes on computer hoping that when i reactivated norton it playing t both games to stay disabling it did i have been would both with no problems and game them both they are as enjoyable as all the others by this developer my and is that because they are to games and haven allow been played when lots of people norton thinks they are dangerous i came to this conclusion by norton questioned the it of installed couple of others that were newish but older than these on them i had the option of it them or not s i did so i feel this are safe it play guess them
1	i have tried or prison term to download this each time norton blocked and delete it saying it s serious i flush tried disabling norton and was able to download it but when i tried to open it after reactivating norton norton suppose it was serious and absent it from my reckoner today i got the bright approximation of disabling norton again and downloading it once again this time i opened the gimpy download and instal them before spark norton again i also played a few minutes on them hoping that when i reactivated norton it would allow both games to stay and it did i have been playing both with no problems and delight them both they are as enjoyable as all the others by this developer my guess is that because they are newish games and seaport t been played by lots of people norton thinks they are serious i came to this conclusion when norton questioned the condom of a couple of others that were newish but sometime than these on them i had the alternative of installing them or not and i did so i feel these are dependable to sport and delight
1	i have tried or times to download this each time norton blocked and deleted it saying it s dangerous i even tried disabling norton and was able to download it but when i tried to open it after reactivating norton norton said it was dangerous and removed it from my computer today i got the bright idea of disabling norton again and downloading it once again this time i opened the game downloads and installed them before activating norton again i also played a few minutes on them hoping that when i reactivated norton it would allow both games to stay and it did i have been playing both with no problems and enjoy them both they are as enjoyable as all the others by this developer my guess is that because they are newish games and haven t been played by lots of people norton thinks they are dangerous i came to this conclusion when norton questioned the safety of a couple of others that were newish but older than these on them i had the option of installing them or not and i did so i feel these are safe to play and enjoy 
