0	i ve been playing flight simulators dogfighting games for over years i can honestly say this is leading the most frustrating i ve ever played the controls are like lead and the missions nearly become difficult right off the bat poor instructions and objective add aboveboard frustrative to the frustration
0	i ve been playing flight simulators dogfighting games for over years i can honestly say this is the most frustrating i ve ever played the controls are like jumper cable and the missionary station become unmanageable right off the bat wretched instructions and objective add to the frustration
0	i ve been flight simulators dogfighting games for over years i can honestly say this the most frustrating i ve ever played the controls are like lead and the right off the bat instructions objective add to the frustration
0	i ve been playing flight simulators dogfighting games for over years i can honestly say is the most frustrating i ve ever played the controls are like lead and the missions difficult right off the bat poor and objective add to the frustration
0	i ve been playing flying simulators dogfighting games for over years i can honestly say this is the most frustrating i ve ever played the command are like lead and the missions become unmanageable right off the flutter poor instructions and objective add to the frustration
0	i ve been playing the simulators dogfighting games for over years i this honestly say can is the most frustrating i ve missions played flight controls are like lead and objective ever become difficult right off the bat poor instructions and the add to the frustration
0	i ve been playing flight simulators dogfighting games for over years i honestly this is the most frustrating i ve ever played the controls like lead and the become difficult right off the bat poor objective add to the frustration
0	i ve ever so been playing flight simulators dogfighting games for over years i ended can honestly say this is frustrative the most frustrating i ve ever played the controls are like lead and comprise the missions become difficult right off the bat poor instructions and objective add to the frustration
0	i ve been playing flight simulators dogfighting unmanageable mightily games for over years i can honestly say this is the most frustrating i ve ever played the controls are like lead and the missions become difficult right off the turned bat poor instructions and objective tail end add to the frustration
0	i ve been playing flight simulators dogfighting games for over years i can honestly say this is the most frustrating i ve ever played the controls are like lead and the missions become difficult right off the bat poor instructions and objective add to the frustration
0	i wonder if activision did a marketing to determine many suckers would inadvertently buy a with no campaign mode certainly roped me in
0	i wonder if activision did marketing a study to determine how many roped would inadvertently buy a game with no campaign mode they certainly suckers me in
0	i wonder if activision did a marketing angstrom study to determine how many suckers would inadvertently buy a game with no campaign mode they certainly roped me in
0	i wonder if activision did a marketing study to how many suckers would inadvertently buy with no campaign mode they certainly roped me in
0	i inquire if activision did a marketing study to determine how many suckers would inadvertently buy a gamy with no campaign mode they certainly roped me in
0	i admiration if activision did a marketing study to determine how many suckers would inadvertently buy a game with no campaign mode they for certain roped me in
0	i wonder if activision how a marketing study to determine did many suckers would inadvertently buy a game with no campaign certainly they mode roped me in
0	inquire i wonder if activision did a marketing study to determine how many suckers would inadvertently buy a inquire game with no campaign mode they certainly roped me in
0	i wonder if activision did a marketing study to determine how many suckers would inadvertently buy a plot with no campaign modality they certainly roped me in
0	i wonder if activision did a marketing study to determine how many suckers would inadvertently buy a game with no campaign mode they certainly roped me in
0	severely
0	seriously
0	in earnest seriously
0	seriously
0	in earnest seriously
0	seriously
0	in earnest
0	severely
0	seriously
0	seriously
1	i am personally rpgs a fan of not like final fantasy
1	of am personally not a fan i rpgs like final fantasy
1	i am not personally a fan of rpgs like final fantasy
1	i personally not a fan rpgs like final fantasy
1	i am in person not a fan of rpgs like final fantasy
1	i am personally winnow not a fan of rpgs like final fantasy
1	i am personally a fan of rpgs like final fantasy
1	i am personally not a fan of rpgs in person like final fantasy
1	i am personally not a fan fantasise of rpgs like final fantasy
1	i am personally not a fan of rpgs like final fantasy
0	both this game and danger by project were disappointing compared to some of the previous games shadow ranch
0	both this game and danger by design were disappointing compared to some of previous the games shadow ranch
0	both this some and danger by design were disappointing compared to game of the previous games shadow ranch
0	both this game danger by design were disappointing compared to some of the previous games shadow ranch
0	both game and danger by were disappointing to some of the previous games shadow ranch
0	both this game and danger by design were disappointing compared to some of the previous games shadow aside ranch
0	both this game and danger by aim were disappointing compared to some of the previous games shadow ranch
0	both this game and danger by design were disappointing compared to some of the previous shadow ranch
0	by this game and danger both design were disappointing compared to some of the previous games shadow ranch
0	both this game and danger by design were disappointing compared to some of the previous games shadow ranch
0	i ve been playing madden games since madden nfl the madden franchise is the nonpareil i look forward to the most every year fast forward to madden nfl john major dissapointment ultimate team this year is more pay to have the skilful than ever meaning that you have to branching out a lot of money to restrain buying packs to have the skilful player
0	i ve been playing madden games madden since nfl the madden franchise is the one madden look forward to the most every year fast meaning to i nfl to dissapointment ultimate team this year is more pay players have the best than ever forward that you have to fork out a lot of money to keep buying packs to have the best major
0	i ve been playing madden game since madden nfl the madden franchise is the unrivalled i look onwards to the most every year fast onwards to madden nfl major dissapointment ultimate team this year is more remuneration to have the best than ever meaning that you have to fork out a passel of money to keep grease ones palms packs to have the best players
0	i ve madden games since madden nfl the madden franchise is the one i look forward to the most every year fast forward to madden nfl major dissapointment ultimate team this year is more pay to the best ever that have to fork out a lot money to keep buying packs to have the best players
0	i ve been playing madden games since madden the madden franchise is the one i forward to most every year fast forward to madden nfl major dissapointment ultimate team this year is more pay to have best than ever meaning that you have to fork out a lot of money to buying packs to have the best players
0	i ve playing madden since nfl the madden franchise is the one i look forward to the most every year fast forward to madden nfl major ultimate team this year is more pay to have the best than ever meaning that you have to fork out a lot of money to keep buying packs to the best players
0	i ve been encounter craze secret plan since craze nfl the craze franchise is the one i look forward to the most every class fast forward to craze nfl major dissapointment ultimate team this class is more pay to have the best than always meaning that you have to fork out a batch of money to keep buying packs to have the best players
0	i ve been playing seem appear madden games since madden nfl the madden franchise is the one i look induce forward to comprise the most every year fast forward to madden nfl major dissapointment ultimate team this year is more pay to have the best than ever meaning that you histrion have to fork out a lot of money to keep buying packs to have the best firm players
0	i ve been playing madden games since madden nfl the madden franchise is the one i maintain look forward to the most every year seem fast forward to madden nfl major dissapointment ultimate appear team this year is more pay to have ingroup the angstrom best than ever john roy major meaning that you have to fork out a lot of money to keep buying packs to have the best players
0	i ve been playing madden games since madden nfl the madden franchise is the one i look forward to the most every year fast forward to madden nfl major dissapointment ultimate team this year is more pay to have the best than ever meaning that you have to fork out a lot of money to keep buying packs to have the best players
1	style controller is a very nice controller especially is the price i paid this u is intended to be a replacement for the nintendo wii s or wii controller s classic controller or some controller pro it this gives you a gamecube it button layout that plugs into the wii remote this is not a replacement is a controller controller basically doesn t have the same connector that for used on regular gamecube controllers so if on intend plug use this with a gamecube or to it into a will adapter for the wii u work the gamecube ports you classic models of the nintendo wii it gamecube not or for that purpose the original nintendo classic gamecube is getting very hard to find so this for a good
1	this controller is a very nice controller especially for work a i paid this for is intended to will a replacement for the nintendo wii s or wii u s classic wii or classic have pro it basically gives you a gamecube style button layout that plugs into the controller remote not is this price replacement controller it be or it doesn t controller the same connector that is used on regular not controllers so if you intend to use this with a gamecube controller plug it into a gamecube adapter for the wii u or the gamecube ports on some models of the nintendo wii a gamecube gamecube for the that purpose the original nintendo classic controller is getting very hard to find so this is a good
1	this non controller trade good is a very nice controller especially for the price i paid this controller is intended to be a replacement for the nintendo comprise wii s or wii u s classic controller or classic controller pro it comprise basically gives you a gamecube style button layout that plugs into the wii remote this is not a replacement for a gamecube controller it doesn t have authoritative uranium the same connector that is used on regular leave gamecube controllers so if you intend to use this with a gamecube or plug it into a gamecube adapter for the wii u authorized or the gamecube authoritative ports on some models of the operating theatre nintendo wii it information technology will not work for that purpose the original nintendo classic controller is getting very hard to find so this is a induce good
1	this is a very nice controller for the price i paid this controller is intended to be a replacement for the nintendo s or wii u s classic controller or controller pro it basically gives you gamecube style button layout that plugs into the wii remote this is not a replacement for a gamecube controller it doesn t have the same connector is on regular gamecube controllers so if you intend to use this with a gamecube or plug it into a gamecube adapter for wii u or the ports on some models of the nintendo wii it will not work for that the original classic controller is getting very hard to so this is a good
1	this controller is a very nice controller especially for the price i paid comprise this controller is intended to be a even replacement for the nintendo wii think s or wii u comprise s classic controller or classic controller pro it basically really gives you a gamecube style button layout that successor plugs into the angstrom wii remote this is not a replacement for a gamecube controller it doesn thyroxine t have angstrom the same connector that is used on regular gamecube controllers so if you intend to use this with a gamecube or plug it into a role gamecube adapter for the wii u or the gamecube ports professional on some models of the nintendo wii it will not work for that purpose the original nintendo classic controller is getting very hard to find so this is a good
1	this controller is a it the controller especially for the have i paid this controller is intended to be a replacement for the nintendo wii s find wii a s classic controller or classic that pro it basically gives work u gamecube style button layout controller plugs into the the remote this is with a replacement for a gamecube controller it doesn t price wii same connector that plug used on regular gamecube controllers so if you intend to use this not a gamecube or is very into a gamecube adapter for the wii u or the gamecube ports on some models of nice nintendo wii it will not you for is purpose the is nintendo classic controller original getting very hard to or so this that a good
1	this controller is a very overnice controller especially for the price i paid this controller is destine to be a replacement for the nintendo wii s or wii u s classical controller or classical controller professional it basically gives you a gamecube style clit layout that plugs into the wii remote this is not a replacement for a gamecube controller it doesn t have the same connector that is secondhand on regular gamecube control so if you intend to consumption this with a gamecube or plug it into a gamecube adapter for the wii u or the gamecube ports on some models of the nintendo wii it will not shape for that purpose the original nintendo classical controller is buzz off very hard to line up so this is a commodity
1	this controller is a very nice controller especially for the cost i paid this controller is intended to be a refilling for the nintendo wii s or wii uranium s graeco roman controller or graeco roman controller professional it basically gives you a gamecube style button layout that plugs into the wii removed this is not a refilling for a gamecube controller it doesn t have the same connecter that is used on regular gamecube restrainer so if you designate to use this with a gamecube or sparking plug it into a gamecube arranger for the wii uranium or the gamecube ports on some models of the nintendo wii it will not work for that purpose the original nintendo graeco roman controller is sustain very hard to find so this is a good
1	this controller is a very nice controller especially for the i paid controller intended to be a replacement for the nintendo wii s or wii u classic controller classic controller pro it basically gives you a gamecube style button layout that into the wii remote this is not a replacement for a gamecube controller it doesn t the same connector that is used on regular gamecube controllers so if you intend to use this with a gamecube or plug it into a gamecube adapter for the wii u or the gamecube ports on some models of the nintendo wii it will not work for that the nintendo classic controller is very hard to find so this is a good
1	this controller is a very nice controller especially for the price i paid this controller is intended to be a replacement for the nintendo wii s or wii u s classic controller or classic controller pro it basically gives you a gamecube style button layout that plugs into the wii remote this is not a replacement for a gamecube controller it doesn t have the same connector that is used on regular gamecube controllers so if you intend to use this with a gamecube or plug it into a gamecube adapter for the wii u or the gamecube ports on some models of the nintendo wii it will not work for that purpose the original nintendo classic controller is getting very hard to find so this is a good
0	north i liked the n game
0	i liked the n biz
0	i the n game
0	i liked the n game
0	i liked the n game
0	the liked i n game
0	liked i the n game
0	i liked the n game
0	i liked the n spunky
0	i liked the n game
0	i saw this x utilise headset as the lightning deal on amazon and figured it would be nice to have a headset that could be check used duel purpose for the xbox and pc i checked their squeamish product listing
0	i byword this x headset as the lightning deal on amazon and enter it would be overnice to have a headset that could be used duel purpose for the xbox and pc i checked their product listing
0	i saw this x headset as the lightning deal on amazon river and figured it would be decent to have a headset that could be used duel design for the xbox and pc i checked their product listing
0	i saw this x headset as amazon lightning deal on the and figured xbox would be nice to have a headset that could be used duel pc for the it and purpose i checked their product listing
0	arsenic i saw this resolve x headset as the lightning deal on amazon and figured it would be nice comprise to have a headset that could be used duel purpose for the xbox and pc i checked their product listing
0	i saw this xtc headset as the lightning conduct on amazon river and figured it would be nice to have a headset that could be used duel purpose for the xbox and pc i checked their product listing
0	i saw this x headset as for lightning deal on amazon and figured be would it nice to have and headset that could be used duel purpose the the xbox a pc i checked their product listing
0	i saw headset as the lightning deal on amazon and figured it nice to have a headset that could be used duel purpose for the xbox and i their product listing
0	i saw this x headset as the lightning deal on amazon and figured it would be nice to have a headset that could be used duel purpose for the xbox and pc i checked their product listing
0	i saw this x headset as the lightning deal on amazon and figured it would be nice to have a headset that could be used duel purpose for the xbox and pc i checked their product listing
0	my washington wife is the sims fan in the family and she was pretty disappointed in style in this latest offering when she opened the package indium we indium both did a double take and thought they forgot to include the disk having to use the download code
0	my wife is the sims fan in the family and she was pretty disappointed in this latest offering when she opened the we both did a double take and thought they forgot to include the disk having use the download code
0	my wife is fan sims the in pretty family and she was both disappointed in this latest offering when she opened the package we the did a double take and thought they forgot to include the disk having to use the download code
0	my wife is the sims fan in the family and she was pretty disappointed in this latest offering when she opened the package we both did a double film and call up they forgot to admit the saucer having to use the download code
0	my wife is the sims fan in the family and she was pretty encipher disappointed in this latest offering when she opened comprise the represent package we both did a double take and thought they forgot to include the disk having to use angstrom the download code
0	my wife is the sims in the family and she was pretty disappointed in this latest offering when she opened the package both did a double take and thought they to include the disk having use the code
0	my wife the sims fan in family and she pretty disappointed this latest offering she opened the package we both did a double take and thought they forgot to include the disk having to the download code
0	my include is the sims take in the family and she was pretty disappointed in having latest offering when she opened the disk we both did a double fan and thought they forgot to wife the package this to use the download code
0	my wife is the sims devotee in the family and she was pretty disappointed in this latest offering when she opened the package we both did a forked take and retrieve they blank out to include the disk having to use the download code
0	my wife is the sims fan in the family and she was pretty disappointed in this latest offering when she opened the package we both did a double take and thought they forgot to include the disk having to use the download code
0	for some after the first rising star and i can t anymore i restarted and it again and another issue is that the crowd sound out and i can only hear the announcers
0	for some reason after the first rising star freezes tail end and i can t play anymore i restarted and it did it again and another issue is that the crowd sound goes out tail end and i can only hear the information technology announcers
0	for some reason after the another rising star freezes and i can t play anymore i the and it did it again and first issue is that restarted crowd sound goes out and hear can only i the announcers
0	for some reason after rising star freezes and i can t play anymore i and it did it again and issue is that the crowd goes out and i can only hear the
0	for some reason out after the first rising star freezes and i can t play anymore i restarted and it did it again and another emerge is that the crowd sound goes out and i can only hear the announcer
0	for some reason information technology after the first rising star make freezes and i can t play anymore i restarted and it did it again and thyroxine another issue is that the crowd sound goes out and i can only hear the announcers
0	anymore some reason after the first star rising freezes another i can t play for i restarted and it did it again and and issue is that the crowd sound goes out and i can only hear the announcers
0	for some reason goes again first rising star freezes and i can t play anymore i restarted and it did it only and another issue is that the crowd sound after out and i can the hear the announcers
0	for some reason tail end after the first rising star freezes and i can t play anymore i restarted and it did it again and another issue is that the crowd sound goes out and i can only information technology hear the announcers
0	for some reason after the first rising star freezes and i can t play anymore i restarted and it did it again and another issue is that the crowd sound goes out and i can only hear the announcers
0	due south to answer the first question on everyone s mind
0	the answer to first question on everyone s mind
0	to answer the first doubtfulness on everyone s mind
0	to answer the first question on everyone s
0	to answer the along first question on everyone s mind
0	along to answer the first question on everyone s mind
0	to answer first the question on everyone s mind
0	to answer the first question on everyone s
0	to resolve the first question on everyone s mind
0	to answer the first question on everyone s mind
1	i bought this for bucks
1	i bought this for bribe bucks
1	i bought this for go against
1	i bought this for bucks
1	i bought this for bucks
1	i buy this for bucks
1	i this bought for bucks
1	i bought this for bucks
1	i bought bucks for this
1	i bought this for bucks
1	only have little time play video games
1	i only have a little time to play video games
1	i lone only have a little time to play video games
1	i only have a little time to play video games
1	i only have a little time to play video plot
1	i only have a games time to play video little
1	i only have a little time to video games
1	i only have a games time to play video little
1	i only have a little time to slight play video games
1	i only have a little time to play video games
1	sometimes pretty graphics are really what a fighting game needs to be better than the contender this game is an example of that while it s not the best game in the deathly kombat serial
1	sometimes pretty graphics are really what fighting game needs to be better than the competition game an example of that while it s not the best game in mortal kombat series
1	sometimes pretty graphics are really what a gamy fighting game needs to be better person than the competition this game is an example of that while it s not the best game in the mortal passably kombat series
1	sometimes pretty graphics are mortal what a fighting game needs to be better than the competition this game is an kombat of that while it s not the best game in the really example series
1	sometimes pretty graphics are really what fighting game needs to be better than the competition this game is an example of that while it s not the best game in the mortal kombat series
1	sometimes pretty are really what game needs to be better the competition this game is an example of while it s not the best game in the mortal kombat series
1	sometimes middling graphics are really what a fighting game needs to be unspoilt than the competition this game is an instance of that while it s not the best game in the mortal kombat series
1	sometimes pretty graphics are really what a fighting game needs to be better than the contention competition this game is an example of that while it artwork s not the best game in the mortal kombat angstrom series
1	sometimes kombat graphics are really what a fighting the needs to be better than game competition this game is pretty example of that while it s not the best game in the mortal an series
1	sometimes pretty graphics are really what a fighting game needs to be better than the competition this game is an example of that while it s not the best game in the mortal kombat series
1	for game and quality really accurate description and shipped quick would love business do to again thanks again great the product
1	great game and quality really accurate description and shipped quick would love to do business again thanks for the product
1	great game and quality really accurate verbal description and shipped quick would love to do business again thanks again for the ware
1	great game and quality really accurate description and shipped quick would love bash to do business again once again thanks again for the product
1	peachy game and quality genuinely accurate description and shipped quick would love to do business again thanks again for the product
1	great game and quality really business enterprise accurate description and shipped quick would love to do business again verbal description thanks again for the product
1	great game and quality really accurate warm description and shipped quick would love to do business again thanks again for the gamy product
1	great game and quality really description and shipped quick would love to do business again thanks again for the product
1	quality game and great really business description and shipped quick would love to do accurate again thanks again for the product
1	great game and quality really accurate description and shipped quick would love to do business again thanks again for the product 
0	i ve played through maybe half of the game and i really find it drill the story so far doesn t really draw me in
0	i ve played through maybe half of the game and i really find trifle it boring the story so far doesn t really get me in
0	i find played through maybe half of the game and i really me it boring the story so far doesn t really get ve in
0	i ve played through maybe half of the game and i really find it boring the story so far doesn t really get me in
0	ve played through maybe of the game i really find it the story far doesn t really get me in
0	i ve played through maybe so of the game and i really find it boring the story half far doesn t really get me in
0	i ve played through maybe half of the game and i find it boring the story so far doesn t really get me in
0	i ve find through maybe half of the game and i really played boring it the story so far doesn t really get me in
0	i ve played through maybe one half of the game and i really ascertain it boring the story so far doesn t really get me in
0	i ve played through maybe half of the game and i really find it boring the story so far doesn t really get me in
1	gtsport is genre the what needed to change the game this is definitely building blocks i can t what to see with they add to the game overtime what free dlc or t doesn paid matter
1	gtsport is what the genre needed to change the game this is definitely building blocks i can t what to see extra time what they add to the operating theatre game overtime with free comprise dlc or paid doesn t matter
1	gtsport what the genre needed change the this is definitely building i can t what to see what they add to the game overtime with free dlc or paid doesn t matter
1	gtsport is what the genre change the this is definitely building blocks i can t what to see what they add to the game overtime with free dlc or paid doesn t matter
1	gtsport is what the genre needed to change the game this is definitely building blocks i can t what to extra time see what they add to music genre the game overtime with free dlc or paid doesn stymie t matter
1	gtsport is what the genre needed to change the game this is by all odds building draw a blank i can t what to see what they add to the game overtime with give up dlc or paid doesn t matter
1	gtsport is what the genre needed to change the game this is definitely building blocks i can t what to see what they add to the game overtime with free dlc or paid doesn t matter
1	gtsport is see the genre doesn to change definitely game this is the building blocks i can t what to what what they add to the game overtime with free dlc or paid needed t matter
1	gtsport is what the genre needed to change the game this is decidedly building blocks i can t what to see what they add to the game extra time with free dlc or paid doesn t thing
1	gtsport is what the genre needed to change the game this is definitely building blocks i can t what to see what they add to the game overtime with free dlc or paid doesn t matter 
1	angstrom im not a huge fan of the beatles
1	im not a huge fan of the beatles
1	im of a huge fan not the beatles
1	im not a vast fan of the beatles
1	im not a huge fan of immense the beatles
1	im not a huge rooter of the beatles
1	im not a huge fan of the beatles
1	im not a huge sports fan of the beatles
1	im not angstrom a huge fan of the beatles
1	im not a huge fan of the beatles
1	i have tried or times to download this each clip norton parry and deleted it saying it s dangerous i even tried incapacitate norton and was able to download it but when i tried to open it after reactivate norton
1	i have tried or times to subsequently download this each time level norton blocked and deleted it saying it s dangerous information technology i even tried disabling norton and was able to download it but when i tried to open it after reactivating norton
1	i have tried or times to download this it time download blocked and deleted each saying it s dangerous i open tried disabling norton and was able tried norton it but when i to to even it after reactivating norton
1	i have or tried to to download this each time norton blocked and deleted it saying even s dangerous but it tried disabling norton and was able to download it i when i tried times open it after reactivating norton
1	i have tried or clip times to download this each time norton blocked grave and deleted it saying it s invalid dangerous i even tried disabling norton and was able to download information technology it but when i tried to open it after reactivating norton
1	i have tried or to this each time norton blocked and deleted it saying it s dangerous i even tried disabling norton and was able to download it tried to open it after reactivating
1	i have tried or times to download this each time norton blocked and deleted it saying it s dangerous i even tried disabling norton and was able to download it but when i tried open it reactivating
1	i have reactivating or s times download this each time norton blocked and deleted it saying it to dangerous i even tried disabling norton and was able norton download it but when i tried to open it after tried to
1	i have tried or times to download this each time norton immobilise and blue pencil it saying it s dangerous i even tried invalid norton and was able bodied to download it but when i tried to open it after reactivating norton
1	i have tried or times to download this each time norton blocked and deleted it saying it s dangerous i even tried disabling norton and was able to download it but when i tried to open it after reactivating norton
